loss,experiment,projector,iteration,top_score_classification_accuracy,class_consistency_loss,_binary_crossentropy
0.5754471106024889,classifier,,,0.8087940812110901,,
0.20175859845506075,l2_triplet_loss,,0.0,0.460837334394455,,
0.3074856832899968,l2_triplet_loss,,1.0,0.4528245329856873,,
0.19674389506466328,l2_triplet_loss,,2.0,0.4505208432674408,,
0.1320359549967972,l2_triplet_loss,,3.0,0.4639423191547394,,
0.3164913461286909,l2_triplet_loss,,4.0,0.4535256326198578,,
0.1763665847844468,l2_triplet_loss,,5.0,0.4616386294364929,,
0.12692203528646273,l2_triplet_loss,,6.0,0.4769631326198578,,
0.1466064353089911,l2_triplet_loss,,7.0,0.4704527258872986,,
0.17424908430518535,l2_triplet_loss,,8.0,0.4572315812110901,,
0.13077257495994368,l2_triplet_loss,,9.0,0.4524238705635071,,
0.6830474482132838,l2_triplet_loss,l2_normalize,0.0,0.6971153616905212,,
0.675475765688297,l2_triplet_loss,l2_normalize,1.0,0.7013221383094788,,
0.6898531396037493,l2_triplet_loss,l2_normalize,2.0,0.6974158883094788,,
0.6821767647679036,l2_triplet_loss,l2_normalize,3.0,0.7009214758872986,,
0.8713435063210244,l2_triplet_loss,l2_normalize,4.0,0.10226362198591232,,
0.9999999228196268,l2_triplet_loss,l2_normalize,5.0,0.10226362198591232,,
0.9999999228196268,l2_triplet_loss,l2_normalize,6.0,0.10226362198591232,,
0.96591443167283,l2_triplet_loss,l2_normalize,7.0,0.10226362198591232,,
0.708836843761114,l2_triplet_loss,l2_normalize,8.0,0.6798878312110901,,
0.6969889054695765,l2_triplet_loss,l2_normalize,9.0,0.6981169581413269,,
0.1524956311346987,l2_triplet_loss,dense_10,0.0,0.4875801205635071,,
0.23701601877436565,l2_triplet_loss,dense_10,1.0,0.4860777258872986,,
0.4615881886416807,l2_triplet_loss,dense_10,2.0,0.5010015964508057,,
0.2762354159305384,l2_triplet_loss,dense_10,3.0,0.4931890964508057,,
0.1069571364653082,l2_triplet_loss,dense_10,4.0,0.5061097741127014,,
0.21259894092322493,l2_triplet_loss,dense_10,5.0,0.4936898946762085,,
0.3778391839064753,l2_triplet_loss,dense_10,6.0,0.4780648946762085,,
0.14832608128050104,l2_triplet_loss,dense_10,7.0,0.4974959790706634,,
0.15786338079040155,l2_triplet_loss,dense_10,8.0,0.5046073794364929,,
0.2651173055368977,l2_triplet_loss,dense_10,9.0,0.4425080120563507,,
0.2369978847758224,l2_triplet_loss,dense_128,0.0,0.41937097907066345,,
0.12004891149281785,l2_triplet_loss,dense_128,1.0,0.4502203464508057,,
0.2883262521623132,l2_triplet_loss,dense_128,2.0,0.41786858439445496,,
0.21913303422759506,l2_triplet_loss,dense_128,3.0,0.4437099397182465,,
0.3463143854169175,l2_triplet_loss,dense_128,4.0,0.43439504504203796,,
0.12486900594264555,l2_triplet_loss,dense_128,5.0,0.4579326808452606,,
0.11640071393683173,l2_triplet_loss,dense_128,6.0,0.4683493673801422,,
0.2271592881118592,l2_triplet_loss,dense_128,7.0,0.4580328464508057,,
0.1602004080419787,l2_triplet_loss,dense_128,8.0,0.45783254504203796,,
0.2579449556979876,l2_triplet_loss,dense_128,9.0,0.4200721085071564,,
0.09984526166040153,l1_triplet_loss,,0.0,0.5719150900840759,,
0.0905533895300976,l1_triplet_loss,,1.0,0.5659054517745972,,
0.05708799579364355,l1_triplet_loss,,2.0,0.5857371687889099,,
0.12111466396126135,l1_triplet_loss,,3.0,0.5336538553237915,,
0.14437106927000107,l1_triplet_loss,,4.0,0.5662059187889099,,
0.0878690848727414,l1_triplet_loss,,5.0,0.5909455418586731,,
0.0726307590513711,l1_triplet_loss,,6.0,0.5743188858032227,,
0.09311965748649807,l1_triplet_loss,,7.0,0.5779246687889099,,
0.11878372961487353,l1_triplet_loss,,8.0,0.5494791865348816,,
0.0594541993904829,l1_triplet_loss,,9.0,0.5737179517745972,,
0.34176323677484804,l1_triplet_loss,l2_normalize,0.0,0.760817289352417,,
0.3306218665570785,l1_triplet_loss,l2_normalize,1.0,0.7692307829856873,,
0.3418513735612997,l1_triplet_loss,l2_normalize,2.0,0.7615184187889099,,
0.3321408583567693,l1_triplet_loss,l2_normalize,3.0,0.7687299847602844,,
0.3466601739518153,l1_triplet_loss,l2_normalize,4.0,0.7573117017745972,,
0.3414725272032695,l1_triplet_loss,l2_normalize,5.0,0.7637219429016113,,
0.3517729212553837,l1_triplet_loss,l2_normalize,6.0,0.7545071840286255,,
0.3450925674958107,l1_triplet_loss,l2_normalize,7.0,0.7527043223381042,,
0.3315949306274072,l1_triplet_loss,l2_normalize,8.0,0.7679286599159241,,
0.33575529342469496,l1_triplet_loss,l2_normalize,9.0,0.7653245329856873,,
0.14030252471946789,l1_triplet_loss,dense_10,0.0,0.5374599099159241,,
0.09808037329014788,l1_triplet_loss,dense_10,1.0,0.5478765964508057,,
0.11912061063011582,l1_triplet_loss,dense_10,2.0,0.5270432829856873,,
0.1131498294517559,l1_triplet_loss,dense_10,3.0,0.4996995329856873,,
0.10410857096413123,l1_triplet_loss,dense_10,4.0,0.5373597741127014,,
0.16490130271874173,l1_triplet_loss,dense_10,5.0,0.5403645634651184,,
0.13529627094734073,l1_triplet_loss,dense_10,6.0,0.5364583134651184,,
0.16283627578955834,l1_triplet_loss,dense_10,7.0,0.5136218070983887,,
0.26907050460823273,l1_triplet_loss,dense_10,8.0,0.5014022588729858,,
0.11366442048501295,l1_triplet_loss,dense_10,9.0,0.5168269276618958,,
0.19178951728640525,l1_triplet_loss,dense_128,0.0,0.4818709790706634,,
0.5690631106856296,l1_triplet_loss,dense_128,1.0,0.4602363705635071,,
0.26686387485684604,l1_triplet_loss,dense_128,2.0,0.4471153914928436,,
0.3400690768793515,l1_triplet_loss,dense_128,3.0,0.4305889308452606,,
0.27729579562247425,l1_triplet_loss,dense_128,4.0,0.4505208432674408,,
0.4836934813370485,l1_triplet_loss,dense_128,5.0,0.4521234035491944,,
0.32390219980795965,l1_triplet_loss,dense_128,6.0,0.4596354067325592,,
0.3366483885011593,l1_triplet_loss,dense_128,7.0,0.4477163553237915,,
0.2975109866620012,l1_triplet_loss,dense_128,8.0,0.4525240361690521,,
0.3517036219119548,l1_triplet_loss,dense_128,9.0,0.4358974397182465,,
0.036851148132998966,cosine_similarity_triplet_loss,,0.0,0.7383813858032227,,
0.03586234672305485,cosine_similarity_triplet_loss,,1.0,0.7381811141967773,,
0.036128464608620375,cosine_similarity_triplet_loss,,2.0,0.7354767918586731,,
0.03447381195683892,cosine_similarity_triplet_loss,,3.0,0.7512019276618958,,
0.034946294967085116,cosine_similarity_triplet_loss,,4.0,0.7435897588729858,,
0.035550793465704486,cosine_similarity_triplet_loss,,5.0,0.7421875,,
0.03505955382178609,cosine_similarity_triplet_loss,,6.0,0.7456930875778198,,
0.035872285761751034,cosine_similarity_triplet_loss,,7.0,0.7407852411270142,,
0.03468378506099375,cosine_similarity_triplet_loss,,8.0,0.7479968070983887,,
0.034706229732061424,cosine_similarity_triplet_loss,,9.0,0.7468950152397156,,
0.03523988768052405,cosine_similarity_triplet_loss,l2_normalize,0.0,0.7486979365348816,,
0.036283101313389264,cosine_similarity_triplet_loss,l2_normalize,1.0,0.7405849099159241,,
0.03463232671865859,cosine_similarity_triplet_loss,l2_normalize,2.0,0.7493990659713745,,
0.035821310889262416,cosine_similarity_triplet_loss,l2_normalize,3.0,0.7471955418586731,,
0.03560911423455064,cosine_similarity_triplet_loss,l2_normalize,4.0,0.7421875,,
0.03545241576667207,cosine_similarity_triplet_loss,l2_normalize,5.0,0.7414863705635071,,
0.03511573755158446,cosine_similarity_triplet_loss,l2_normalize,6.0,0.7457932829856873,,
0.0366702707997786,cosine_similarity_triplet_loss,l2_normalize,7.0,0.737379789352417,,
0.03496439138857218,cosine_similarity_triplet_loss,l2_normalize,8.0,0.7432892918586731,,
0.03429170364203552,cosine_similarity_triplet_loss,l2_normalize,9.0,0.7498998641967773,,
0.030213293649303988,cosine_similarity_triplet_loss,dense_10,0.0,0.7611178159713745,,
0.03077345895461547,cosine_similarity_triplet_loss,dense_10,1.0,0.7567107081413269,,
0.030639538410095837,cosine_similarity_triplet_loss,dense_10,2.0,0.7586137652397156,,
0.03046847424374368,cosine_similarity_triplet_loss,dense_10,3.0,0.7582131624221802,,
0.02966655664241467,cosine_similarity_triplet_loss,dense_10,4.0,0.7625200152397156,,
0.03089500970254915,cosine_similarity_triplet_loss,dense_10,5.0,0.7542067170143127,,
0.030261510308497608,cosine_similarity_triplet_loss,dense_10,6.0,0.7581129670143127,,
0.029040674613311127,cosine_similarity_triplet_loss,dense_10,7.0,0.7676281929016113,,
0.02969266976325367,cosine_similarity_triplet_loss,dense_10,8.0,0.7673277258872986,,
0.03072482171969918,cosine_similarity_triplet_loss,dense_10,9.0,0.7574118375778198,,
0.02934215127681502,cosine_similarity_triplet_loss,dense_128,0.0,0.7718349099159241,,
0.028631920597921964,cosine_similarity_triplet_loss,dense_128,1.0,0.7771434187889099,,
0.030458284362864036,cosine_similarity_triplet_loss,dense_128,2.0,0.7627203464508057,,
0.029758648463309962,cosine_similarity_triplet_loss,dense_128,3.0,0.7658253312110901,,
0.03074749148426912,cosine_similarity_triplet_loss,dense_128,4.0,0.7543069124221802,,
0.031229457089629688,cosine_similarity_triplet_loss,dense_128,5.0,0.7635216116905212,,
0.02854971717804288,cosine_similarity_triplet_loss,dense_128,6.0,0.7790464758872986,,
0.0296470371600336,cosine_similarity_triplet_loss,dense_128,7.0,0.7650240659713745,,
0.030698716162871093,cosine_similarity_triplet_loss,dense_128,8.0,0.7675280570983887,,
0.02951632550535485,cosine_similarity_triplet_loss,dense_128,9.0,0.7642227411270142,,
0.045545055620515584,mixed_norms_triplet_loss,,0.0,0.5337539911270142,,
0.06269243268075232,mixed_norms_triplet_loss,,1.0,0.5631009340286255,,
0.02754737545724194,mixed_norms_triplet_loss,,2.0,0.590745210647583,,
0.04921558068898053,mixed_norms_triplet_loss,,3.0,0.5424679517745972,,
0.04172770544970169,mixed_norms_triplet_loss,,4.0,0.5834335088729858,,
0.03858797250387186,mixed_norms_triplet_loss,,5.0,0.5783253312110901,,
0.046397108471212097,mixed_norms_triplet_loss,,6.0,0.5795272588729858,,
0.03912098536817118,mixed_norms_triplet_loss,,7.0,0.553786039352417,,
0.03365136745224635,mixed_norms_triplet_loss,,8.0,0.5685096383094788,,
0.031764718149460316,mixed_norms_triplet_loss,,9.0,0.56640625,,
0.026400999497407332,mixed_norms_triplet_loss,l2_normalize,0.0,0.6300080418586731,,
0.018127712150229715,mixed_norms_triplet_loss,l2_normalize,1.0,0.6435296535491943,,
0.022194987565177515,mixed_norms_triplet_loss,l2_normalize,2.0,0.6469351053237915,,
0.01843958167442813,mixed_norms_triplet_loss,l2_normalize,3.0,0.6576522588729858,,
0.03083330694537905,mixed_norms_triplet_loss,l2_normalize,4.0,0.6487379670143127,,
0.01818578081945769,mixed_norms_triplet_loss,l2_normalize,5.0,0.6555488705635071,,
0.019292583834612742,mixed_norms_triplet_loss,l2_normalize,6.0,0.6624599099159241,,
0.02634076452000628,mixed_norms_triplet_loss,l2_normalize,7.0,0.6501402258872986,,
0.014709789876808196,mixed_norms_triplet_loss,l2_normalize,8.0,0.6284054517745972,,
0.020102713115286462,mixed_norms_triplet_loss,l2_normalize,9.0,0.6448317170143127,,
0.19198665477914545,mixed_norms_triplet_loss,dense_10,0.0,0.4826722741127014,,
0.07531630682448548,mixed_norms_triplet_loss,dense_10,1.0,0.5847355723381042,,
0.053694432159551435,mixed_norms_triplet_loss,dense_10,2.0,0.5878405570983887,,
0.059130954896458074,mixed_norms_triplet_loss,dense_10,3.0,0.5875400900840759,,
0.051948374507423394,mixed_norms_triplet_loss,dense_10,4.0,0.5880408883094788,,
0.3802133496938041,mixed_norms_triplet_loss,dense_10,5.0,0.5471754670143127,,
0.10576606292325334,mixed_norms_triplet_loss,dense_10,6.0,0.5611979365348816,,
0.10046764052449128,mixed_norms_triplet_loss,dense_10,7.0,0.5931490659713745,,
0.10511303510858663,mixed_norms_triplet_loss,dense_10,8.0,0.5575921535491943,,
0.07113626311557034,mixed_norms_triplet_loss,dense_10,9.0,0.5875400900840759,,
0.0574989889223033,mixed_norms_triplet_loss,dense_128,0.0,0.5437700152397156,,
0.0913473999945638,mixed_norms_triplet_loss,dense_128,1.0,0.4736578464508057,,
1.0906172652657216,mixed_norms_triplet_loss,dense_128,2.0,0.09995993226766586,,
0.4554219440160057,mixed_norms_triplet_loss,dense_128,3.0,0.4631410241127014,,
0.050285060549727985,mixed_norms_triplet_loss,dense_128,4.0,0.5415664911270142,,
0.06323043994892102,mixed_norms_triplet_loss,dense_128,5.0,0.5545873641967773,,
0.3359556166177731,mixed_norms_triplet_loss,dense_128,6.0,0.5252403616905212,,
0.15147340879962146,mixed_norms_triplet_loss,dense_128,7.0,0.4884815812110901,,
2.39110190824916,mixed_norms_triplet_loss,dense_128,8.0,0.2643229067325592,,
0.061202481621876366,mixed_norms_triplet_loss,dense_128,9.0,0.5798277258872986,,
0.03621883833786855,learnt_norms_triplet_loss,,0.0,0.6315104365348816,,
0.057629363697905764,learnt_norms_triplet_loss,,1.0,0.6506410241127014,,
0.9999999228196268,learnt_norms_triplet_loss,,2.0,0.10226362198591232,,
0.054427417556349285,learnt_norms_triplet_loss,,3.0,0.5755208134651184,,
0.0480850962533926,learnt_norms_triplet_loss,,4.0,0.6752804517745972,,
0.03303504384194428,learnt_norms_triplet_loss,,5.0,0.6503405570983887,,
0.030017909492389895,learnt_norms_triplet_loss,,6.0,0.6568509340286255,,
0.046146234801898785,learnt_norms_triplet_loss,,7.0,0.6450320482254028,,
0.04319288978018822,learnt_norms_triplet_loss,,8.0,0.6653645634651184,,
0.03577175214647865,learnt_norms_triplet_loss,,9.0,0.6270031929016113,,
0.5892670569129479,learnt_norms_triplet_loss,l2_normalize,0.0,0.0972556099295616,,
0.04805655566115792,learnt_norms_triplet_loss,l2_normalize,1.0,0.5707131624221802,,
0.12427703229089578,learnt_norms_triplet_loss,l2_normalize,2.0,0.10076121985912324,,
0.10114284256138864,learnt_norms_triplet_loss,l2_normalize,3.0,0.3639823794364929,,
0.6419257605687166,learnt_norms_triplet_loss,l2_normalize,4.0,0.09935897588729856,,
0.14099296299406353,learnt_norms_triplet_loss,l2_normalize,5.0,0.3391426205635071,,
0.14778462246967813,learnt_norms_triplet_loss,l2_normalize,6.0,0.10226362198591232,,
0.056291729187927186,learnt_norms_triplet_loss,l2_normalize,7.0,0.5442708134651184,,
0.15409690263466194,learnt_norms_triplet_loss,l2_normalize,8.0,0.10126201808452606,,
0.13170742062039864,learnt_norms_triplet_loss,l2_normalize,9.0,0.10687099397182463,,
0.043306566116650805,learnt_norms_triplet_loss,dense_10,0.0,0.651442289352417,,
0.07672394371743743,learnt_norms_triplet_loss,dense_10,1.0,0.6451321840286255,,
0.0578730230888304,learnt_norms_triplet_loss,dense_10,2.0,0.6409254670143127,,
0.03919176070634515,learnt_norms_triplet_loss,dense_10,3.0,0.6196914911270142,,
0.9999999228196268,learnt_norms_triplet_loss,dense_10,4.0,0.10226362198591232,,
0.05532579447548741,learnt_norms_triplet_loss,dense_10,5.0,0.6422275900840759,,
0.026302632216053702,learnt_norms_triplet_loss,dense_10,6.0,0.6359174847602844,,
0.05755989026511087,learnt_norms_triplet_loss,dense_10,7.0,0.635817289352417,,
0.07401740914270377,learnt_norms_triplet_loss,dense_10,8.0,0.6407251358032227,,
0.9999999228196268,learnt_norms_triplet_loss,dense_10,9.0,0.10226362198591232,,
0.04105578445467892,learnt_norms_triplet_loss,dense_128,0.0,0.6657652258872986,,
0.03170910005751583,learnt_norms_triplet_loss,dense_128,1.0,0.6664663553237915,,
0.9999999228196268,learnt_norms_triplet_loss,dense_128,2.0,0.10226362198591232,,
0.0218967326593254,learnt_norms_triplet_loss,dense_128,3.0,0.6722756624221802,,
0.027018565886045016,learnt_norms_triplet_loss,dense_128,4.0,0.6695713400840759,,
0.02591187181100488,learnt_norms_triplet_loss,dense_128,5.0,0.6707732081413269,,
0.03219110409405309,learnt_norms_triplet_loss,dense_128,6.0,0.6637620329856873,,
0.0541331038726546,learnt_norms_triplet_loss,dense_128,7.0,0.670973539352417,,
0.02698476855081166,learnt_norms_triplet_loss,dense_128,8.0,0.6577523946762085,,
0.9999999228196268,learnt_norms_triplet_loss,dense_128,9.0,0.10226362198591232,,
0.04506168470312005,mixed_similarity_triplet_loss,,0.0,0.6955128312110901,,
0.04912380318945417,mixed_similarity_triplet_loss,,1.0,0.6496394276618958,,
0.044044904016818,mixed_similarity_triplet_loss,,2.0,0.6837940812110901,,
0.05109122252235046,mixed_similarity_triplet_loss,,3.0,0.6665664911270142,,
0.05903715048080836,mixed_similarity_triplet_loss,,4.0,0.6229968070983887,,
0.04849084065510677,mixed_similarity_triplet_loss,,5.0,0.6498397588729858,,
0.04810106146555298,mixed_similarity_triplet_loss,,6.0,0.6471354365348816,,
0.051752727502622664,mixed_similarity_triplet_loss,,7.0,0.657151460647583,,
0.05749071055115796,mixed_similarity_triplet_loss,,8.0,0.6016626358032227,,
0.0652909620354573,mixed_similarity_triplet_loss,,9.0,0.5775240659713745,,
0.04227315048233439,mixed_similarity_triplet_loss,l2_normalize,0.0,0.7239583134651184,,
0.03729588354531771,mixed_similarity_triplet_loss,l2_normalize,1.0,0.7554086446762085,,
0.03935367378812188,mixed_similarity_triplet_loss,l2_normalize,2.0,0.7381811141967773,,
0.04016746002703141,mixed_similarity_triplet_loss,l2_normalize,3.0,0.7439903616905212,,
0.04038402879944978,mixed_similarity_triplet_loss,l2_normalize,4.0,0.7339743375778198,,
0.03849952270348485,mixed_similarity_triplet_loss,l2_normalize,5.0,0.7426882982254028,,
0.036981030176274285,mixed_similarity_triplet_loss,l2_normalize,6.0,0.756911039352417,,
0.03887499179332875,mixed_similarity_triplet_loss,l2_normalize,7.0,0.7385817170143127,,
0.0382436564227996,mixed_similarity_triplet_loss,l2_normalize,8.0,0.750901460647583,,
0.03967599755821702,mixed_similarity_triplet_loss,l2_normalize,9.0,0.7400841116905212,,
0.09945228681541406,mixed_similarity_triplet_loss,dense_10,0.0,0.10657051205635072,,
0.04446385779346411,mixed_similarity_triplet_loss,dense_10,1.0,0.6638621687889099,,
0.04826228387462786,mixed_similarity_triplet_loss,dense_10,2.0,0.6860977411270142,,
0.04642452809434289,mixed_similarity_triplet_loss,dense_10,3.0,0.6467347741127014,,
0.03934150912727302,mixed_similarity_triplet_loss,dense_10,4.0,0.6978164911270142,,
0.04146766331858742,mixed_similarity_triplet_loss,dense_10,5.0,0.7073317170143127,,
0.04063403139559504,mixed_similarity_triplet_loss,dense_10,6.0,0.6733773946762085,,
0.040240453132308826,mixed_similarity_triplet_loss,dense_10,7.0,0.6915063858032227,,
0.0400109981210568,mixed_similarity_triplet_loss,dense_10,8.0,0.6886017918586731,,
0.04740048661971322,mixed_similarity_triplet_loss,dense_10,9.0,0.692307710647583,,
0.10000002369857752,mixed_similarity_triplet_loss,dense_128,0.0,0.10226362198591232,,
0.10000002369857752,mixed_similarity_triplet_loss,dense_128,1.0,0.10226362198591232,,
0.10000002369857752,mixed_similarity_triplet_loss,dense_128,2.0,0.10226362198591232,,
0.10000002369857752,mixed_similarity_triplet_loss,dense_128,3.0,0.10226362198591232,,
0.10000002369857752,mixed_similarity_triplet_loss,dense_128,4.0,0.10226362198591232,,
0.09999678618250747,mixed_similarity_triplet_loss,dense_128,5.0,0.10216346383094788,,
0.10000002369857752,mixed_similarity_triplet_loss,dense_128,6.0,0.10226362198591232,,
0.10000002369857752,mixed_similarity_triplet_loss,dense_128,7.0,0.10226362198591232,,
0.10000002369857752,mixed_similarity_triplet_loss,dense_128,8.0,0.10226362198591232,,
0.07056525917962575,mixed_similarity_triplet_loss,dense_128,9.0,0.0911458358168602,,
0.03879428385064388,learnt_similarity_triplet_loss,,0.0,0.7364783883094788,,
0.03833701329019208,learnt_similarity_triplet_loss,,1.0,0.7361778616905212,,
0.03678899855376818,learnt_similarity_triplet_loss,,2.0,0.7470953464508057,,
0.03843707016382653,learnt_similarity_triplet_loss,,3.0,0.7315705418586731,,
0.03715204479745948,learnt_similarity_triplet_loss,,4.0,0.7484976053237915,,
0.0371877698180003,learnt_similarity_triplet_loss,,5.0,0.739182710647583,,
0.03791297181772117,learnt_similarity_triplet_loss,,6.0,0.7422876358032227,,
0.03819040638896135,learnt_similarity_triplet_loss,,7.0,0.7443910241127014,,
0.03665587063639974,learnt_similarity_triplet_loss,,8.0,0.7531049847602844,,
0.03864702904740205,learnt_similarity_triplet_loss,,9.0,0.7306690812110901,,
0.04639286324620629,learnt_similarity_triplet_loss,l2_normalize,0.0,0.6596554517745972,,
0.04020407735011899,learnt_similarity_triplet_loss,l2_normalize,1.0,0.6872996687889099,,
0.03895243129525811,learnt_similarity_triplet_loss,l2_normalize,2.0,0.741286039352417,,
0.04371314362073556,learnt_similarity_triplet_loss,l2_normalize,3.0,0.6926081776618958,,
0.04628000993472643,learnt_similarity_triplet_loss,l2_normalize,4.0,0.6663661599159241,,
0.034938030888159305,learnt_similarity_triplet_loss,l2_normalize,5.0,0.7662259340286255,,
0.040468338100860514,learnt_similarity_triplet_loss,l2_normalize,6.0,0.7141426205635071,,
0.04530221166519018,learnt_similarity_triplet_loss,l2_normalize,7.0,0.6710737347602844,,
0.044693457810447,learnt_similarity_triplet_loss,l2_normalize,8.0,0.6591546535491943,,
0.03596029496895006,learnt_similarity_triplet_loss,l2_normalize,9.0,0.7510015964508057,,
0.0327774304478692,learnt_similarity_triplet_loss,dense_10,0.0,0.7597155570983887,,
0.03328852789500394,learnt_similarity_triplet_loss,dense_10,1.0,0.7555088400840759,,
0.03228735368555555,learnt_similarity_triplet_loss,dense_10,2.0,0.7621194124221802,,
0.03369338223591256,learnt_similarity_triplet_loss,dense_10,3.0,0.7523036599159241,,
0.035264253144701704,learnt_similarity_triplet_loss,dense_10,4.0,0.7135416865348816,,
0.03399308793581067,learnt_similarity_triplet_loss,dense_10,5.0,0.7531049847602844,,
0.03719287849843311,learnt_similarity_triplet_loss,dense_10,6.0,0.6985176205635071,,
0.03639737733950218,learnt_similarity_triplet_loss,dense_10,7.0,0.7174479365348816,,
0.036411954949681566,learnt_similarity_triplet_loss,dense_10,8.0,0.7114382982254028,,
0.033775811991057336,learnt_similarity_triplet_loss,dense_10,9.0,0.7494992017745972,,
0.029421121962607287,learnt_similarity_triplet_loss,dense_128,0.0,0.7857571840286255,,
0.030546669406482038,learnt_similarity_triplet_loss,dense_128,1.0,0.7709335088729858,,
0.031226162864372894,learnt_similarity_triplet_loss,dense_128,2.0,0.7721354365348816,,
0.030575260997582707,learnt_similarity_triplet_loss,dense_128,3.0,0.7732371687889099,,
0.0305247030292566,learnt_similarity_triplet_loss,dense_128,4.0,0.78125,,
0.03042520102089605,learnt_similarity_triplet_loss,dense_128,5.0,0.7745392918586731,,
0.09999990472808863,learnt_similarity_triplet_loss,dense_128,6.0,0.10226362198591232,,
0.029184023783995938,learnt_similarity_triplet_loss,dense_128,7.0,0.7809495329856873,,
0.0314107268021848,learnt_similarity_triplet_loss,dense_128,8.0,0.7675280570983887,,
0.03344195039990621,learnt_similarity_triplet_loss,dense_128,9.0,0.7597155570983887,,
0.2657451674533196,mixed_similarity_crossentropy_loss,,0.0,0.5181289911270142,0.2238378524780273,0.2657451033592224
0.3179085860267664,mixed_similarity_crossentropy_loss,,1.0,0.3395432829856873,0.277130126953125,0.3179085850715637
0.29762054444887703,mixed_similarity_crossentropy_loss,,2.0,0.34815704822540283,0.2497525364160537,0.2976204454898834
0.22272373563968212,mixed_similarity_crossentropy_loss,,3.0,0.6881009340286255,0.1809079647064209,0.22272369265556333
0.2828952012917934,mixed_similarity_crossentropy_loss,,4.0,0.5877403616905212,0.24562156200408936,0.2828952670097351
0.2912978203250812,mixed_similarity_crossentropy_loss,,5.0,0.34515222907066345,0.2395468205213547,0.2912978529930115
0.28832489041945875,mixed_similarity_crossentropy_loss,,6.0,0.2923677861690521,0.2281063497066497,0.2883248627185821
0.2867649426827064,mixed_similarity_crossentropy_loss,,7.0,0.30108171701431274,0.2308077514171601,0.2867650091648102
0.24187967993128,mixed_similarity_crossentropy_loss,,8.0,0.6890023946762085,0.20088158547878265,0.24187976121902466
0.2758160803753596,mixed_similarity_crossentropy_loss,,9.0,0.7012219429016113,0.2368267476558685,0.27581608295440674
0.161227677256251,mixed_similarity_crossentropy_loss,l2_normalize,0.0,0.7652243375778198,0.09371758997440338,0.16122768819332126
0.1699508353590201,mixed_similarity_crossentropy_loss,l2_normalize,1.0,0.762620210647583,0.10020490735769272,0.16995085775852206
0.1647197247411196,mixed_similarity_crossentropy_loss,l2_normalize,2.0,0.7606169581413269,0.09669748693704604,0.16471979022026062
0.1714744165730782,mixed_similarity_crossentropy_loss,l2_normalize,3.0,0.7553085088729858,0.1050456240773201,0.1714743673801422
0.17082081524989542,mixed_similarity_crossentropy_loss,l2_normalize,4.0,0.7556089758872986,0.10584226995706557,0.17082084715366366
0.1776520474216877,mixed_similarity_crossentropy_loss,l2_normalize,5.0,0.7510015964508057,0.1051195114850998,0.177652046084404
0.1745295633490269,mixed_similarity_crossentropy_loss,l2_normalize,6.0,0.7496995329856873,0.1004827469587326,0.17452956736087802
0.16494651611607808,mixed_similarity_crossentropy_loss,l2_normalize,7.0,0.7461938858032227,0.09973061829805374,0.164946511387825
0.17703860530104393,mixed_similarity_crossentropy_loss,l2_normalize,8.0,0.7344751358032227,0.10734903067350388,0.17703859508037567
0.16156670355643982,mixed_similarity_crossentropy_loss,l2_normalize,9.0,0.7564102411270142,0.09782686084508896,0.16156674921512604
0.3065333570807408,mixed_similarity_crossentropy_loss,dense_10,0.0,0.22796474397182465,0.2618005871772766,0.3065333962440491
0.3215339470368165,mixed_similarity_crossentropy_loss,dense_10,1.0,0.13481570780277252,0.2483302354812622,0.3215339779853821
0.29679757624100417,mixed_similarity_crossentropy_loss,dense_10,2.0,0.6099759340286255,0.2656861245632172,0.2967975437641144
0.2630751398511422,mixed_similarity_crossentropy_loss,dense_10,3.0,0.53515625,0.23038433492183685,0.26307520270347595
0.3205230824458293,mixed_similarity_crossentropy_loss,dense_10,4.0,0.11728765815496445,0.24301812052726746,0.32052308320999146
0.27106207695144874,mixed_similarity_crossentropy_loss,dense_10,5.0,0.3898237049579621,0.2262124270200729,0.27106210589408875
0.2892530035132017,mixed_similarity_crossentropy_loss,dense_10,6.0,0.5995593070983887,0.25650596618652344,0.2892529964447021
0.2628976703645327,mixed_similarity_crossentropy_loss,dense_10,7.0,0.6721754670143127,0.2282462269067765,0.2628976404666901
0.2905487976013086,mixed_similarity_crossentropy_loss,dense_10,8.0,0.3830128312110901,0.2527942955493927,0.29054880142211914
2.804557803349617,mixed_similarity_crossentropy_loss,dense_10,9.0,0.1019631400704384,2.7555620670318604,2.8045570850372314
3.90050888978518,mixed_similarity_crossentropy_loss,dense_128,0.0,0.10406650602817537,1.6057802438735962,3.9005091190338135
3.3704554316325064,mixed_similarity_crossentropy_loss,dense_128,1.0,0.10396634787321092,1.604978084564209,3.370455503463745
0.01811173614017533,mixed_similarity_crossentropy_loss,dense_128,2.0,0.18940304219722748,0.17816370725631714,0.018111741170287132
0.22227589566356096,mixed_similarity_crossentropy_loss,dense_128,3.0,0.6459335088729858,0.1890656352043152,0.22227589786052704
0.21251368971589285,mixed_similarity_crossentropy_loss,dense_128,4.0,0.6939102411270142,0.1749698966741562,0.21251362562179565
0.1966886752499984,mixed_similarity_crossentropy_loss,dense_128,5.0,0.6971153616905212,0.16007187962532046,0.1966887265443802
0.3214905347961646,mixed_similarity_crossentropy_loss,dense_128,6.0,0.13241185247898102,0.2484567165374756,0.321490615606308
0.2064688716752407,mixed_similarity_crossentropy_loss,dense_128,7.0,0.6586538553237915,0.1693519651889801,0.20646889507770536
0.19346870787632767,mixed_similarity_crossentropy_loss,dense_128,8.0,0.6774839758872986,0.14802159368991852,0.19346877932548529
0.22286352754021305,mixed_similarity_crossentropy_loss,dense_128,9.0,0.6144831776618958,0.18403586745262146,0.22286356985569
0.17118048892380336,learnt_similarity_crossentropy_loss,,0.0,0.7419871687889099,0.12474660575389862,0.17118045687675476
0.17264345574837464,learnt_similarity_crossentropy_loss,,1.0,0.7246594429016113,0.12341705709695815,0.17264343798160553
0.17174786964479166,learnt_similarity_crossentropy_loss,,2.0,0.74609375,0.1266215294599533,0.1717478334903717
0.18033458220844084,learnt_similarity_crossentropy_loss,,3.0,0.7289663553237915,0.13006813824176788,0.1803346425294876
0.16577209126299772,learnt_similarity_crossentropy_loss,,4.0,0.7424879670143127,0.11617685109376907,0.16577212512493136
0.17170618660748005,learnt_similarity_crossentropy_loss,,5.0,0.750901460647583,0.12875840067863464,0.1717061698436737
0.16772794389189818,learnt_similarity_crossentropy_loss,,6.0,0.7488982081413269,0.12479688227176665,0.16772794723510742
0.16777036582621244,learnt_similarity_crossentropy_loss,,7.0,0.7468950152397156,0.11948036402463913,0.16777034103870392
0.17865517816673487,learnt_similarity_crossentropy_loss,,8.0,0.7360777258872986,0.13663731515407562,0.1786552220582962
0.16503017510359105,learnt_similarity_crossentropy_loss,,9.0,0.7542067170143127,0.1240665391087532,0.16503015160560608
0.17316277334705374,learnt_similarity_crossentropy_loss,l2_normalize,0.0,0.7421875,0.10480947047472,0.17316271364688873
0.17295618856755587,learnt_similarity_crossentropy_loss,l2_normalize,1.0,0.7522035241127014,0.10388866066932677,0.1729562133550644
0.1683026399845496,learnt_similarity_crossentropy_loss,l2_normalize,2.0,0.7623196840286255,0.10227259248495102,0.16830268502235413
0.1821508472546553,learnt_similarity_crossentropy_loss,l2_normalize,3.0,0.7416867017745972,0.1086580902338028,0.18215081095695496
0.180731217448528,learnt_similarity_crossentropy_loss,l2_normalize,4.0,0.7410857081413269,0.10825330764055252,0.18073120713233948
0.16652893255918455,learnt_similarity_crossentropy_loss,l2_normalize,5.0,0.7659254670143127,0.09793313592672348,0.16652894020080564
0.16727620277267236,learnt_similarity_crossentropy_loss,l2_normalize,6.0,0.7516025900840759,0.10225015133619307,0.16727620363235474
0.1841356200763048,learnt_similarity_crossentropy_loss,l2_normalize,7.0,0.717848539352417,0.11745061725378035,0.18413563072681427
0.16104610589070198,learnt_similarity_crossentropy_loss,l2_normalize,8.0,0.7716346383094788,0.0944657251238823,0.16104605793952942
0.17496075543264547,learnt_similarity_crossentropy_loss,l2_normalize,9.0,0.7421875,0.10741634666919707,0.17496079206466675
0.16024793880299115,learnt_similarity_crossentropy_loss,dense_10,0.0,0.7468950152397156,0.1078122928738594,0.16024793684482574
0.1590436452951951,learnt_similarity_crossentropy_loss,dense_10,1.0,0.7349759340286255,0.1121058464050293,0.15904368460178375
0.16950714564285216,learnt_similarity_crossentropy_loss,dense_10,2.0,0.7197515964508057,0.11922863125801085,0.16950713098049164
0.17048893816387042,learnt_similarity_crossentropy_loss,dense_10,3.0,0.7092347741127014,0.12553006410598755,0.17048890888690948
0.1555696471283833,learnt_similarity_crossentropy_loss,dense_10,4.0,0.7432892918586731,0.1066223680973053,0.15556958317756653
0.1625170923100832,learnt_similarity_crossentropy_loss,dense_10,5.0,0.7358773946762085,0.11641012132167815,0.16251705586910248
0.17604279183806518,learnt_similarity_crossentropy_loss,dense_10,6.0,0.6959134340286255,0.12993626296520233,0.1760427951812744
0.1639370557684929,learnt_similarity_crossentropy_loss,dense_10,7.0,0.7409855723381042,0.1093839481472969,0.1639370620250702
0.16295249702838752,learnt_similarity_crossentropy_loss,dense_10,8.0,0.7119390964508057,0.11286260187625885,0.1629524528980255
0.16285978415264532,learnt_similarity_crossentropy_loss,dense_10,9.0,0.7286658883094788,0.11132953315973282,0.1628597527742386
0.14948111825073376,learnt_similarity_crossentropy_loss,dense_128,0.0,0.7897636294364929,0.10211504995822906,0.1494811624288559
0.14967924810181826,learnt_similarity_crossentropy_loss,dense_128,1.0,0.7816506624221802,0.09683151543140413,0.1496793031692505
0.154359693137499,learnt_similarity_crossentropy_loss,dense_128,2.0,0.7798477411270142,0.10799968987703323,0.15435965359210968
0.14814522623633727,learnt_similarity_crossentropy_loss,dense_128,3.0,0.7806490659713745,0.0990566909313202,0.1481451839208603
0.14627519230812025,learnt_similarity_crossentropy_loss,dense_128,4.0,0.7835536599159241,0.09807295352220537,0.14627517759799954
0.1513608448111858,learnt_similarity_crossentropy_loss,dense_128,5.0,0.7853565812110901,0.10442201793193816,0.15136082470417025
0.15411080644489866,learnt_similarity_crossentropy_loss,dense_128,6.0,0.7844551205635071,0.10732143372297287,0.15411080420017242
0.14710743543811333,learnt_similarity_crossentropy_loss,dense_128,7.0,0.7875601053237915,0.0925452560186386,0.14710740745067594
0.14902242588309142,learnt_similarity_crossentropy_loss,dense_128,8.0,0.7786458134651184,0.10434401035308838,0.1490224152803421
0.14201166299291146,learnt_similarity_crossentropy_loss,dense_128,9.0,0.7911658883094788,0.0916292816400528,0.14201167225837708
0.1878576294924968,mixed_similarity_consistency_loss,,0.0,0.1343149095773697,0.18785764276981354,0.18709099292755127
0.1897011773708539,mixed_similarity_consistency_loss,,1.0,0.13341346383094788,0.1897011697292328,0.21139433979988093
0.18983906450179908,mixed_similarity_consistency_loss,,2.0,0.12950721383094788,0.18983912467956546,0.2112026959657669
0.17816742576467684,mixed_similarity_consistency_loss,,3.0,0.10366586595773697,0.17816737294197085,4.4872573198517764e-05
0.18735022470355034,mixed_similarity_consistency_loss,,4.0,0.13351361453533173,0.18735024333000186,0.17968332767486572
0.17816075510703602,mixed_similarity_consistency_loss,,5.0,0.13772034645080564,0.17816077172756195,0.002234085928648711
0.17827993468978467,mixed_similarity_consistency_loss,,6.0,0.13461539149284366,0.17827987670898438,0.01172756589949131
0.1875300117983268,mixed_similarity_consistency_loss,,7.0,0.13381409645080564,0.1875299960374832,0.1936186105012893
0.18975972126309687,mixed_similarity_consistency_loss,,8.0,0.12990784645080564,0.1897597461938858,0.2020638883113861
0.18138836343318987,mixed_similarity_consistency_loss,,9.0,0.1298076957464218,0.18138837814331046,0.08563007414340973
0.0986287934371294,mixed_similarity_consistency_loss,l2_normalize,0.0,0.6175881624221802,0.09862880408763884,0.3282632827758789
0.10532024989907557,mixed_similarity_consistency_loss,l2_normalize,1.0,0.6085737347602844,0.10532025992870332,0.3435563445091248
0.11493442532343742,mixed_similarity_consistency_loss,l2_normalize,2.0,0.5660055875778198,0.11493442207574844,0.3488745093345642
0.10239325361087537,mixed_similarity_consistency_loss,l2_normalize,3.0,0.6317107081413269,0.1023932471871376,0.3585099577903748
0.10699114002860508,mixed_similarity_consistency_loss,l2_normalize,4.0,0.579026460647583,0.10699110478162767,0.2972524166107178
0.10447480231045912,mixed_similarity_consistency_loss,l2_normalize,5.0,0.6295071840286255,0.10447481274604796,0.3773825168609619
0.101683019923094,mixed_similarity_consistency_loss,l2_normalize,6.0,0.6013621687889099,0.10168302059173584,0.3069179058074951
0.10605354635761334,mixed_similarity_consistency_loss,l2_normalize,7.0,0.6129807829856873,0.10605354607105257,0.36405104398727417
0.10854721274704504,mixed_similarity_consistency_loss,l2_normalize,8.0,0.5803285241127014,0.10854724794626236,0.3032725751399994
0.10019294420878093,mixed_similarity_consistency_loss,l2_normalize,9.0,0.6255007982254028,0.10019294172525406,0.35429346561431885
0.1800247105077291,mixed_similarity_consistency_loss,dense_10,0.0,0.09875801205635072,0.18002472817897794,0.0
0.18367929546496808,mixed_similarity_consistency_loss,dense_10,1.0,0.0985576957464218,0.18367929756641388,0.0
0.17816376733856326,mixed_similarity_consistency_loss,dense_10,2.0,0.10426682978868483,0.17816370725631714,4.813276245840825e-05
0.17818506816640878,mixed_similarity_consistency_loss,dense_10,3.0,0.1136818900704384,0.17818504571914673,0.0010640985565260053
0.17816376733856326,mixed_similarity_consistency_loss,dense_10,4.0,0.10226362198591232,0.17816370725631714,0.0
0.17816376733856326,mixed_similarity_consistency_loss,dense_10,5.0,0.10226362198591232,0.17816370725631714,0.0
0.17818967138345426,mixed_similarity_consistency_loss,dense_10,6.0,0.10206329822540283,0.17818965017795566,0.0
0.1782413757382295,mixed_similarity_consistency_loss,dense_10,7.0,0.10206329822540283,0.17824134230613708,0.0
13.723227604841574,mixed_similarity_consistency_loss,dense_10,8.0,0.10226362198591232,13.723251342773438,0.0
0.17871473672298285,mixed_similarity_consistency_loss,dense_10,9.0,0.10106170177459717,0.17871472239494324,3.5517030482878915e-05
13.707278826297856,mixed_similarity_consistency_loss,dense_128,0.0,0.10226362198591232,13.707300186157227,5.587935891782081e-09
0.17897422076799932,mixed_similarity_consistency_loss,dense_128,1.0,0.11919070780277252,0.1789741963148117,0.028155867010355
0.1781637677206443,mixed_similarity_consistency_loss,dense_128,2.0,0.10236378014087676,0.17816370725631714,3.199978527845815e-05
0.17816376733856326,mixed_similarity_consistency_loss,dense_128,3.0,0.10226362198591232,0.17816370725631714,0.0
0.18096259895425576,mixed_similarity_consistency_loss,dense_128,4.0,0.1011618599295616,0.18096263706684115,4.646112938644365e-05
0.17838377763445562,mixed_similarity_consistency_loss,dense_128,5.0,0.1302083283662796,0.17838379740715027,0.012982061132788658
0.1781108734699396,mixed_similarity_consistency_loss,dense_128,6.0,0.11989182978868484,0.17811092734336853,0.006714839953929186
0.1798117134051445,mixed_similarity_consistency_loss,dense_128,7.0,0.1330128163099289,0.1798117756843567,0.05100012570619583
0.17816376733856326,mixed_similarity_consistency_loss,dense_128,8.0,0.10266426205635072,0.17816370725631714,0.0
0.1782826678111003,mixed_similarity_consistency_loss,dense_128,9.0,0.10046073794364928,0.17828267812728882,0.002125451108440757
1.5435934173755157,learnt_similarity_consistency_loss,,0.0,0.10226362198591232,1.5435942411422732,0.0
1.5435934173755157,learnt_similarity_consistency_loss,,1.0,0.10226362198591232,1.5435942411422732,0.0
13.420090106817396,learnt_similarity_consistency_loss,,2.0,0.1067708358168602,13.420090675354006,3.727356433868408
0.8590245338586661,learnt_similarity_consistency_loss,,3.0,0.1158854141831398,0.8590245246887207,0.753814697265625
0.5073701391617457,learnt_similarity_consistency_loss,,4.0,0.13641826808452606,0.5073702931404114,1.4533958435058594
1.5435934173755157,learnt_similarity_consistency_loss,,5.0,0.10226362198591232,1.5435942411422732,0.0
1.5435934173755157,learnt_similarity_consistency_loss,,6.0,0.10226362198591232,1.5435942411422732,0.0
1.7681008974711103,learnt_similarity_consistency_loss,,7.0,0.11939102411270144,1.7681009769439695,2.4428858757019043
1.5435934173755157,learnt_similarity_consistency_loss,,8.0,0.10226362198591232,1.5435942411422732,0.0
1.5435934173755157,learnt_similarity_consistency_loss,,9.0,0.10226362198591232,1.5435942411422732,0.0
0.09652197150847852,learnt_similarity_consistency_loss,l2_normalize,0.0,0.6465344429016113,0.09652196615934372,0.3690136969089508
0.10143748675592434,learnt_similarity_consistency_loss,l2_normalize,1.0,0.6293069124221802,0.10143745690584184,0.39790618419647217
0.1020746972793952,learnt_similarity_consistency_loss,l2_normalize,2.0,0.6293069124221802,0.10207471251487732,0.3810800611972809
0.1110242145279279,learnt_similarity_consistency_loss,l2_normalize,3.0,0.6139823794364929,0.11102420836687088,0.4550718665122986
0.10183508932972564,learnt_similarity_consistency_loss,l2_normalize,4.0,0.6309094429016113,0.10183507949113846,0.4055658876895905
0.10062360519973132,learnt_similarity_consistency_loss,l2_normalize,5.0,0.6365184187889099,0.10062361508607864,0.39845648407936096
0.1043232220869798,learnt_similarity_consistency_loss,l2_normalize,6.0,0.6416265964508057,0.10432320088148116,0.4225517809391022
0.10919824490944544,learnt_similarity_consistency_loss,l2_normalize,7.0,0.6119791865348816,0.1091982051730156,0.42687928676605225
0.09982391389516684,learnt_similarity_consistency_loss,l2_normalize,8.0,0.6487379670143127,0.09982390701770782,0.3868980407714844
0.10452391493778962,learnt_similarity_consistency_loss,l2_normalize,9.0,0.6302083134651184,0.10452394932508467,0.3541437387466431
0.17744805998145005,learnt_similarity_consistency_loss,dense_10,0.0,0.12319711595773696,0.17744801938533786,0.0008892316836863756
0.1780757623223158,learnt_similarity_consistency_loss,dense_10,1.0,0.1045673042535782,0.17807568609714508,0.000151123822433874
0.17729827666129822,learnt_similarity_consistency_loss,dense_10,2.0,0.13661858439445496,0.17729830741882324,0.00371081754565239
1.5435934173755157,learnt_similarity_consistency_loss,dense_10,3.0,0.10226362198591232,1.5435942411422732,0.0
1.5435934173755157,learnt_similarity_consistency_loss,dense_10,4.0,0.10226362198591232,1.5435942411422732,0.0
1.5435934173755157,learnt_similarity_consistency_loss,dense_10,5.0,0.10226362198591232,1.5435942411422732,0.0
1.5435934173755157,learnt_similarity_consistency_loss,dense_10,6.0,0.10226362198591232,1.5435942411422732,0.0
1.5435934173755157,learnt_similarity_consistency_loss,dense_10,7.0,0.10226362198591232,1.5435942411422732,0.0
0.17800896901350755,learnt_similarity_consistency_loss,dense_10,8.0,0.10797275602817537,0.17800892889499664,0.0002126846375176683
0.17711085061996412,learnt_similarity_consistency_loss,dense_10,9.0,0.1259014457464218,0.17711083590984344,0.0018923742463812234
0.2122831905308442,learnt_similarity_consistency_loss,dense_128,0.0,0.13892227411270142,0.2122831791639328,0.09400703012943268
0.18492395335283035,learnt_similarity_consistency_loss,dense_128,1.0,0.16235977411270142,0.1849238872528076,0.09247110784053802
0.3000251562931599,learnt_similarity_consistency_loss,dense_128,2.0,0.12089342623949052,0.3000251352787018,0.1433112621307373
0.1986115873815157,learnt_similarity_consistency_loss,dense_128,3.0,0.1259014457464218,0.1986115723848343,0.1409197449684143
1.5435934173755157,learnt_similarity_consistency_loss,dense_128,4.0,0.10406650602817537,1.5435942411422732,0.0
0.17654209077740327,learnt_similarity_consistency_loss,dense_128,5.0,0.16486378014087674,0.17654213309288025,0.015846850350499153
1.5435934173755157,learnt_similarity_consistency_loss,dense_128,6.0,0.10226362198591232,1.5435942411422732,0.0
0.19139989303090635,learnt_similarity_consistency_loss,dense_128,7.0,0.1631610542535782,0.19139987230300906,0.06475571542978288
1.5435934173755157,learnt_similarity_consistency_loss,dense_128,8.0,0.10226362198591232,1.5435942411422732,0.0
0.1776741704879663,learnt_similarity_consistency_loss,dense_128,9.0,0.1564503163099289,0.17767412960529327,0.04165063053369522
0.6931397318840027,cosine_similarity_crossentropy_loss,,0.0,0.10226362198591232,0.693134069442749,
0.6936876177787781,cosine_similarity_crossentropy_loss,,1.0,0.10176282376050948,0.6929004788398743,
0.693609893321991,cosine_similarity_crossentropy_loss,,2.0,0.10186298191547394,0.6929270029067993,
0.6931159496307373,cosine_similarity_crossentropy_loss,,3.0,0.10226362198591232,0.6931145787239075,
0.6930938959121704,cosine_similarity_crossentropy_loss,,4.0,0.10216346383094788,0.693051815032959,
0.6931397318840027,cosine_similarity_crossentropy_loss,,5.0,0.10226362198591232,0.6931387186050415,
0.6931133866310121,cosine_similarity_crossentropy_loss,,6.0,0.10226362198591232,0.6929742693901062,
0.6931461691856384,cosine_similarity_crossentropy_loss,,7.0,0.10226362198591232,0.6931454539299011,
0.6931166648864746,cosine_similarity_crossentropy_loss,,8.0,0.10206329822540283,0.6930437088012695,
0.693091094493866,cosine_similarity_crossentropy_loss,,9.0,0.10226362198591232,0.6930444240570068,
0.6241496205329895,cosine_similarity_crossentropy_loss,dense_10,0.0,0.7390825152397156,0.5894507169723511,
0.624455451965332,cosine_similarity_crossentropy_loss,dense_10,1.0,0.7324719429016113,0.589830756187439,
0.6251837611198425,cosine_similarity_crossentropy_loss,dense_10,2.0,0.7265625,0.5903206467628479,
0.6246744990348816,cosine_similarity_crossentropy_loss,dense_10,3.0,0.7277644276618958,0.5898880362510681,
0.6333358883857727,cosine_similarity_crossentropy_loss,dense_10,4.0,0.7219551205635071,0.5944940447807312,
0.6243396401405334,cosine_similarity_crossentropy_loss,dense_10,5.0,0.7424879670143127,0.5894703865051271,
0.6254029870033264,cosine_similarity_crossentropy_loss,dense_10,6.0,0.734375,0.5900937914848328,
0.6215953826904297,cosine_similarity_crossentropy_loss,dense_10,7.0,0.729567289352417,0.5877993702888489,
0.6235935688018799,cosine_similarity_crossentropy_loss,dense_10,8.0,0.7376803159713745,0.5889976024627686,
0.6260779500007629,cosine_similarity_crossentropy_loss,dense_10,9.0,0.7278645634651184,0.5905206799507141,
0.6212798953056335,cosine_similarity_crossentropy_loss,dense_128,0.0,0.7188501358032227,0.5973843336105347,
0.6144461631774902,cosine_similarity_crossentropy_loss,dense_128,1.0,0.7355769276618958,0.5932027101516724,
0.6177564859390259,cosine_similarity_crossentropy_loss,dense_128,2.0,0.7363781929016113,0.5933626890182495,
0.6185818910598755,cosine_similarity_crossentropy_loss,dense_128,3.0,0.7331730723381042,0.5961200594902039,
0.6135682463645935,cosine_similarity_crossentropy_loss,dense_128,4.0,0.7506009340286255,0.5903451442718506,
0.6177348494529724,cosine_similarity_crossentropy_loss,dense_128,5.0,0.734375,0.5952279567718506,
0.6185840368270874,cosine_similarity_crossentropy_loss,dense_128,6.0,0.7369791865348816,0.5948835611343384,
0.6161379814147949,cosine_similarity_crossentropy_loss,dense_128,7.0,0.7395833134651184,0.5938742160797119,
0.6133180856704712,cosine_similarity_crossentropy_loss,dense_128,8.0,0.7434895634651184,0.5916793942451477,
0.6144660115242004,cosine_similarity_crossentropy_loss,dense_128,9.0,0.7438902258872986,0.5920885801315308,
0.6931080222129822,cosine_similarity_consistency_loss,,0.0,0.10226362198591232,0.6931074857711792,
0.6931394338607788,cosine_similarity_consistency_loss,,1.0,0.10226362198591232,0.6931387186050415,
0.6931036114692688,cosine_similarity_consistency_loss,,2.0,0.10266426205635072,0.693103015422821,
0.6931158900260925,cosine_similarity_consistency_loss,,3.0,0.10226362198591232,0.693115234375,
0.6929490566253662,cosine_similarity_consistency_loss,,4.0,0.1019631400704384,0.6929489970207214,
0.6931129097938538,cosine_similarity_consistency_loss,,5.0,0.10226362198591232,0.6931123733520508,
0.6930093169212341,cosine_similarity_consistency_loss,,6.0,0.1024639457464218,0.6930087804794312,
0.6946539282798767,cosine_similarity_consistency_loss,,7.0,0.10376602411270144,0.6946563124656677,
0.6930601596832275,cosine_similarity_consistency_loss,,8.0,0.10256410390138626,0.6930596828460693,
0.6931357979774475,cosine_similarity_consistency_loss,,9.0,0.10226362198591232,0.6931352615356445,
0.6184808015823364,cosine_similarity_consistency_loss,dense_10,0.0,0.5800280570983887,0.618476152420044,
0.5992764830589294,cosine_similarity_consistency_loss,dense_10,1.0,0.628004789352417,0.599267303943634,
0.6002700924873352,cosine_similarity_consistency_loss,dense_10,2.0,0.6088742017745972,0.6002742052078247,
0.6039147973060608,cosine_similarity_consistency_loss,dense_10,3.0,0.6117788553237915,0.6039178967475891,
0.6049591302871704,cosine_similarity_consistency_loss,dense_10,4.0,0.5944511294364929,0.6049653887748718,
0.60209721326828,cosine_similarity_consistency_loss,dense_10,5.0,0.6145833134651184,0.6021150946617126,
0.609604001045227,cosine_similarity_consistency_loss,dense_10,6.0,0.5650039911270142,0.6096045970916748,
0.603948175907135,cosine_similarity_consistency_loss,dense_10,7.0,0.6119791865348816,0.6039626598358154,
0.6037917733192444,cosine_similarity_consistency_loss,dense_10,8.0,0.6039663553237915,0.6037974953651428,
0.6043969392776489,cosine_similarity_consistency_loss,dense_10,9.0,0.5902444124221802,0.6044054627418518,
0.5957406759262085,cosine_similarity_consistency_loss,dense_128,0.0,0.6427283883094788,0.5957170724868774,
0.60247802734375,cosine_similarity_consistency_loss,dense_128,1.0,0.6086738705635071,0.6024913191795349,
0.6007092595100403,cosine_similarity_consistency_loss,dense_128,2.0,0.6128805875778198,0.6007054448127747,
0.6045479774475098,cosine_similarity_consistency_loss,dense_128,3.0,0.5973557829856873,0.6045564413070679,
0.6003960967063904,cosine_similarity_consistency_loss,dense_128,4.0,0.6161859035491943,0.600408673286438,
0.6092128157615662,cosine_similarity_consistency_loss,dense_128,5.0,0.5891426205635071,0.6092245578765869,
0.5984214544296265,cosine_similarity_consistency_loss,dense_128,6.0,0.629807710647583,0.5984115600585938,
0.60429847240448,cosine_similarity_consistency_loss,dense_128,7.0,0.6129807829856873,0.6042966842651367,
0.6034005880355835,cosine_similarity_consistency_loss,dense_128,8.0,0.6081730723381042,0.6034113764762878,
0.606266975402832,cosine_similarity_consistency_loss,dense_128,9.0,0.5843349099159241,0.6062787771224976,
